quarter,average_tickets
q1,2.5384615384615383
q2,2.0
q3,2.0
q4,2.076923076923077
