quarter,median_cycle_time
q1,2.7566137566137567
q2,2.923076923076923
q3,2.8636363636363638
q4,2.6846153846153844
