quarter,median_cycle_time
q1,2.7513513513513512
q2,2.9177215189873418
q3,2.873134328358209
q4,2.6846153846153844
